{
  "project_info": {
    "project_number": "338633776266",
    "firebase_url": "https://fir-demo-7fd0d.firebaseio.com",
    "project_id": "fir-demo-7fd0d",
    "storage_bucket": "fir-demo-7fd0d.appspot.com"
  },
  "client": [
    {
      "client_info": {
        "mobilesdk_app_id": "1:338633776266:android:37126ce9333b81658a2173",
        "android_client_info": {
          "package_name": "com.example.allinone"
        }
      },
      "oauth_client": [
        {
          "client_id": "338633776266-3cso4p3vuodaeuep049uh224upjv1h1s.apps.googleusercontent.com",
          "client_type": 1,
          "android_info": {
            "package_name": "com.example.allinone",
            "certificate_hash": "145e098fc80aa22141c35a1ad94bc8d499bb3d66"
          }
        },
        {
          "client_id": "338633776266-pcc8a386gn6q56c52dkkquqnehevrtqi.apps.googleusercontent.com",
          "client_type": 3
        }
      ],
      "api_key": [
        {
          "current_key": "AIzaSyBOKMKh2taXdR0i3jqIRsW85ORAaPDAu7Q"
        }
      ],
      "services": {
        "appinvite_service": {
          "other_platform_oauth_client": [
            {
              "client_id": "338633776266-pcc8a386gn6q56c52dkkquqnehevrtqi.apps.googleusercontent.com",
              "client_type": 3
            }
          ]
        }
      }
    },
    {
      "client_info": {
        "mobilesdk_app_id": "1:338633776266:android:ba262a6e534a5e4e8a2173",
        "android_client_info": {
          "package_name": "com.example.firebase"
        }
      },
      "oauth_client": [
        {
          "client_id": "338633776266-p6h9a0l8etiucfqerqtdh1cfvb6cc198.apps.googleusercontent.com",
          "client_type": 1,
          "android_info": {
            "package_name": "com.example.firebase",
            "certificate_hash": "145e098fc80aa22141c35a1ad94bc8d499bb3d66"
          }
        },
        {
          "client_id": "338633776266-pcc8a386gn6q56c52dkkquqnehevrtqi.apps.googleusercontent.com",
          "client_type": 3
        }
      ],
      "api_key": [
        {
          "current_key": "AIzaSyBOKMKh2taXdR0i3jqIRsW85ORAaPDAu7Q"
        }
      ],
      "services": {
        "appinvite_service": {
          "other_platform_oauth_client": [
            {
              "client_id": "338633776266-pcc8a386gn6q56c52dkkquqnehevrtqi.apps.googleusercontent.com",
              "client_type": 3
            }
          ]
        }
      }
    },
    {
      "client_info": {
        "mobilesdk_app_id": "1:338633776266:android:f18b0ee30f51afee8a2173",
        "android_client_info": {
          "package_name": "com.example.helpdesk"
        }
      },
      "oauth_client": [
        {
          "client_id": "338633776266-20n4uaouq304rghtlgvuv46e9ibkse7l.apps.googleusercontent.com",
          "client_type": 1,
          "android_info": {
            "package_name": "com.example.helpdesk",
            "certificate_hash": "145e098fc80aa22141c35a1ad94bc8d499bb3d66"
          }
        },
        {
          "client_id": "338633776266-pcc8a386gn6q56c52dkkquqnehevrtqi.apps.googleusercontent.com",
          "client_type": 3
        }
      ],
      "api_key": [
        {
          "current_key": "AIzaSyBOKMKh2taXdR0i3jqIRsW85ORAaPDAu7Q"
        }
      ],
      "services": {
        "appinvite_service": {
          "other_platform_oauth_client": [
            {
              "client_id": "338633776266-pcc8a386gn6q56c52dkkquqnehevrtqi.apps.googleusercontent.com",
              "client_type": 3
            }
          ]
        }
      }
    },
    {
      "client_info": {
        "mobilesdk_app_id": "1:338633776266:android:1e06f490642c9c468a2173",
        "android_client_info": {
          "package_name": "com.example.pinentry"
        }
      },
      "oauth_client": [
        {
          "client_id": "338633776266-bj7ga20te23c8t4l7nluo10snj016jpq.apps.googleusercontent.com",
          "client_type": 1,
          "android_info": {
            "package_name": "com.example.pinentry",
            "certificate_hash": "145e098fc80aa22141c35a1ad94bc8d499bb3d66"
          }
        },
        {
          "client_id": "338633776266-pcc8a386gn6q56c52dkkquqnehevrtqi.apps.googleusercontent.com",
          "client_type": 3
        }
      ],
      "api_key": [
        {
          "current_key": "AIzaSyBOKMKh2taXdR0i3jqIRsW85ORAaPDAu7Q"
        }
      ],
      "services": {
        "appinvite_service": {
          "other_platform_oauth_client": [
            {
              "client_id": "338633776266-pcc8a386gn6q56c52dkkquqnehevrtqi.apps.googleusercontent.com",
              "client_type": 3
            }
          ]
        }
      }
    }
  ],
  "configuration_version": "1"
}